role,content
bot,"Риски инвестирования в стартапы включают высокий уровень неопределенности, отсутствие доходов на начальных этапах и потенциальные проблемы с управлением компанией."
bot,Каков прогноз по цене золота на следующий месяц?
user,Каков прогноз по цене золота на следующий месяц?
user,"Новости из Китая, такие как изменения в экономической политике, данные по ВВП или торговые соглашения, могут значительно повлиять на мировую экономику."
user,Какие акции торгуются на Нью-Йоркской фондовой бирже?
bot,Текущие котировки акций Apple составляют $173.21.
bot,Текущие котировки акций Apple составляют $173.21.
bot,"В условиях нестабильной экономики рекомендуется инвестировать в золото, государственные облигации и диверсифицированные инвестиционные фонды."
bot,Расскажи о последних новостях на фондовом рынке.
user,Что такое криптовалюта и как она работает?
bot,Сегодня на фондовом рынке наблюдается рост индексов S&P 500 и NASDAQ после позитивных экономических отчетов.
user,Прогноз по цене нефти на следующий квартал предполагает её снижение до $70 за баррель.
user,Компания Microsoft сообщила о доходах в размере $55.5 млрд и чистой прибыли $18.3 млрд за последний квартал.
user,Текущий тренд на рынке недвижимости показывает рост цен на жилье в крупных городах и замедление темпов роста в пригородах.
user,"Для выбора хорошего финансового консультанта важно учитывать его опыт, репутацию, уровень сертификации и подход к управлению инвестициями."
user,"Прогноз по цене золота на следующий месяц предполагает её рост до $1,950 за унцию."
user,Курс евро к доллару изменился с 1.092 до 1.095 за последнюю неделю.
bot,Каковы текущие котировки акций компании Apple?
bot,"Прогноз по цене золота на следующий месяц предполагает её рост до $1,950 за унцию."
bot,"Для выбора хорошего финансового консультанта важно учитывать его опыт, репутацию, уровень сертификации и подход к управлению инвестициями."
bot,Курс евро к доллару изменился с 1.092 до 1.095 за последнюю неделю.
bot,Какие акции показали наибольший рост в этом месяце?
bot,"Риски инвестирования в стартапы включают высокий уровень неопределенности, отсутствие доходов на начальных этапах и потенциальные проблемы с управлением компанией."
bot,Какой текущий курс биткойна к доллару США?
bot,Курс евро к доллару изменился с 1.092 до 1.095 за последнюю неделю.
bot,На этой неделе ожидаются отчеты по безработице и ВВП США.
user,"Фондовые индексы могут расти в условиях экономического роста и снижения, и наоборот, падать в условиях экономического спада."
user,Какие риски связаны с инвестированием в стартапы?
user,Какие факторы влияют на изменение валютного курса?
bot,"На изменение валютного курса влияют экономические показатели, политические события, рыночные ожидания и действия центральных банков."
user,"Риски инвестирования в стартапы включают высокий уровень неопределенности, отсутствие доходов на начальных этапах и потенциальные проблемы с управлением компанией."
user,Какие акции торгуются на Нью-Йоркской фондовой бирже?
bot,Как выбрать хорошего финансового консультанта?
bot,Сегодня на фондовом рынке наблюдается рост индексов S&P 500 и NASDAQ после позитивных экономических отчетов.
bot,Какой текущий курс биткойна к доллару США?
bot,Какие компании выплатят дивиденды в этом квартале?
user,Какая доходность облигаций государственного займа США на сегодня?
user,Какой текущий курс биткойна к доллару США?
bot,Какой прогноз по цене нефти на следующий квартал?
bot,Как изменились ставки по ипотечным кредитам в этом месяце?
bot,Каков прогноз по цене золота на следующий месяц?
user,Какой прогноз по цене нефти на следующий квартал?
bot,Курс евро к доллару изменился с 1.092 до 1.095 за последнюю неделю.
user,Прогноз по цене нефти на следующий квартал предполагает её снижение до $70 за баррель.
bot,Каков текущий тренд на рынке недвижимости?
user,"Для выбора хорошего финансового консультанта важно учитывать его опыт, репутацию, уровень сертификации и подход к управлению инвестициями."
user,Текущий тренд на рынке недвижимости показывает рост цен на жилье в крупных городах и замедление темпов роста в пригородах.
bot,Текущие котировки акций Apple составляют $173.21.
bot,Какие акции торгуются на Нью-Йоркской фондовой бирже?
bot,"Для пенсионного плана подойдут диверсифицированные инвестиционные фонды, облигации и высокодоходные акции компаний с долгой историей выплат дивидендов."
user,Какой прогноз по цене нефти на следующий квартал?
bot,Какие риски связаны с инвестированием в стартапы?
user,Каков прогноз по цене золота на следующий месяц?
user,Сегодня на фондовом рынке наблюдается рост индексов S&P 500 и NASDAQ после позитивных экономических отчетов.
bot,Как выбрать хорошего финансового консультанта?
bot,Какая доходность облигаций государственного займа США на сегодня?
user,"В условиях нестабильной экономики рекомендуется инвестировать в золото, государственные облигации и диверсифицированные инвестиционные фонды."
user,Как изменились ставки по ипотечным кредитам в этом месяце?
bot,Текущий тренд на рынке недвижимости показывает рост цен на жилье в крупных городах и замедление темпов роста в пригородах.
user,Компания Microsoft сообщила о доходах в размере $55.5 млрд и чистой прибыли $18.3 млрд за последний квартал.
bot,Как изменились ставки по ипотечным кредитам в этом месяце?
bot,Как выбрать хорошего финансового консультанта?
user,Как изменились ставки по ипотечным кредитам в этом месяце?
user,"Для пенсионного плана подойдут диверсифицированные инвестиционные фонды, облигации и высокодоходные акции компаний с долгой историей выплат дивидендов."
bot,"Для выбора хорошего финансового консультанта важно учитывать его опыт, репутацию, уровень сертификации и подход к управлению инвестициями."
user,"Риски инвестирования в стартапы включают высокий уровень неопределенности, отсутствие доходов на начальных этапах и потенциальные проблемы с управлением компанией."
bot,Каковы текущие котировки акций компании Apple?
user,Какой текущий курс биткойна к доллару США?
bot,Какие новости из Китая могут повлиять на мировую экономику?
user,"Криптовалюта — это цифровая валюта, использующая криптографию для обеспечения безопасности транзакций. Работает на основе блокчейн-технологии."
user,Какие акции показали наибольший рост в этом месяце?
bot,"Для выбора хорошего финансового консультанта важно учитывать его опыт, репутацию, уровень сертификации и подход к управлению инвестициями."
bot,"Для пенсионного плана подойдут диверсифицированные инвестиционные фонды, облигации и высокодоходные акции компаний с долгой историей выплат дивидендов."
bot,Расскажи о последних новостях на фондовом рынке.
bot,Каков текущий тренд на рынке недвижимости?
user,На этой неделе ожидаются отчеты по безработице и ВВП США.
user,Как выбрать хорошего финансового консультанта?
bot,Какие новости из Китая могут повлиять на мировую экономику?
bot,Какие новости из Китая могут повлиять на мировую экономику?
bot,"Новости из Китая, такие как изменения в экономической политике, данные по ВВП или торговые соглашения, могут значительно повлиять на мировую экономику."
bot,Какой прогноз по цене нефти на следующий квартал?
bot,"Прогноз по цене золота на следующий месяц предполагает её рост до $1,950 за унцию."
user,"На изменение валютного курса влияют экономические показатели, политические события, рыночные ожидания и действия центральных банков."
user,Сегодня на фондовом рынке наблюдается рост индексов S&P 500 и NASDAQ после позитивных экономических отчетов.
user,На этой неделе ожидаются отчеты по безработице и ВВП США.
bot,Какие акции показали наибольший рост в этом месяце?
user,Как выбрать хорошего финансового консультанта?
bot,Каковы текущие котировки акций компании Apple?
bot,Расскажи о последних новостях на фондовом рынке.
user,Прогноз по цене нефти на следующий квартал предполагает её снижение до $70 за баррель.
user,"Для пенсионного плана подойдут диверсифицированные инвестиционные фонды, облигации и высокодоходные акции компаний с долгой историей выплат дивидендов."
user,Что такое криптовалюта и как она работает?
user,Какой прогноз по цене нефти на следующий квартал?
user,"В этом квартале дивиденды выплатят компании Microsoft, Johnson & Johnson и Coca-Cola."
user,Каковы текущие котировки акций компании Apple?
bot,Какой прогноз по цене нефти на следующий квартал?
user,Какие факторы влияют на изменение валютного курса?
bot,Ставки по ипотечным кредитам в этом месяце снизились до 4.20%.
user,Как выбрать хорошего финансового консультанта?
user,Какие компании выплатят дивиденды в этом квартале?
user,"Новости из Китая, такие как изменения в экономической политике, данные по ВВП или торговые соглашения, могут значительно повлиять на мировую экономику."
bot,Как изменились ставки по ипотечным кредитам в этом месяце?
bot,"На изменение валютного курса влияют экономические показатели, политические события, рыночные ожидания и действия центральных банков."
bot,"Для пенсионного плана подойдут диверсифицированные инвестиционные фонды, облигации и высокодоходные акции компаний с долгой историей выплат дивидендов."
bot,Как выбрать хорошего финансового консультанта?
user,Какие акции торгуются на Нью-Йоркской фондовой бирже?
bot,"В этом квартале дивиденды выплатят компании Microsoft, Johnson & Johnson и Coca-Cola."
bot,Как выбрать хорошего финансового консультанта?
bot,"Новости из Китая, такие как изменения в экономической политике, данные по ВВП или торговые соглашения, могут значительно повлиять на мировую экономику."
bot,Какой прогноз по цене нефти на следующий квартал?
user,Какие риски связаны с инвестированием в стартапы?
user,Что такое криптовалюта и как она работает?
user,Каковы текущие котировки акций компании Apple?
bot,Как изменились ставки по ипотечным кредитам в этом месяце?
bot,Какие акции показали наибольший рост в этом месяце?
user,Каковы текущие котировки акций компании Apple?
user,Текущие котировки акций Apple составляют $173.21.
bot,Каков текущий тренд на рынке недвижимости?
bot,Что такое криптовалюта и как она работает?
bot,Как изменились ставки по ипотечным кредитам в этом месяце?
user,"Фондовые индексы могут расти в условиях экономического роста и снижения, и наоборот, падать в условиях экономического спада."
bot,Каковы текущие котировки акций компании Apple?
user,Прогноз по цене нефти на следующий квартал предполагает её снижение до $70 за баррель.
bot,"Фондовые индексы могут расти в условиях экономического роста и снижения, и наоборот, падать в условиях экономического спада."
user,Какие акции торгуются на Нью-Йоркской фондовой бирже?
user,Каковы текущие котировки акций компании Apple?
user,Сегодня на фондовом рынке наблюдается рост индексов S&P 500 и NASDAQ после позитивных экономических отчетов.
user,Что такое криптовалюта и как она работает?
user,Каков текущий тренд на рынке недвижимости?
user,"Фондовые индексы могут расти в условиях экономического роста и снижения, и наоборот, падать в условиях экономического спада."
user,Компания Microsoft сообщила о доходах в размере $55.5 млрд и чистой прибыли $18.3 млрд за последний квартал.
user,Как изменились ставки по ипотечным кредитам в этом месяце?
bot,Какие факторы влияют на изменение валютного курса?
bot,"Для пенсионного плана подойдут диверсифицированные инвестиционные фонды, облигации и высокодоходные акции компаний с долгой историей выплат дивидендов."
bot,Какие риски связаны с инвестированием в стартапы?
bot,На этой неделе ожидаются отчеты по безработице и ВВП США.
user,"Для пенсионного плана подойдут диверсифицированные инвестиционные фонды, облигации и высокодоходные акции компаний с долгой историей выплат дивидендов."
bot,"Фондовые индексы могут расти в условиях экономического роста и снижения, и наоборот, падать в условиях экономического спада."
user,"Криптовалюта — это цифровая валюта, использующая криптографию для обеспечения безопасности транзакций. Работает на основе блокчейн-технологии."
user,Какие акции показали наибольший рост в этом месяце?
user,Каковы текущие котировки акций компании Apple?
user,Какие риски связаны с инвестированием в стартапы?
bot,Сегодня на фондовом рынке наблюдается рост индексов S&P 500 и NASDAQ после позитивных экономических отчетов.
user,Ставки по ипотечным кредитам в этом месяце снизились до 4.20%.
user,Как выбрать хорошего финансового консультанта?
user,Какой прогноз по цене нефти на следующий квартал?
bot,Компания Microsoft сообщила о доходах в размере $55.5 млрд и чистой прибыли $18.3 млрд за последний квартал.
bot,Текущие котировки акций Apple составляют $173.21.
bot,Расскажи о последних новостях на фондовом рынке.
bot,"Для выбора хорошего финансового консультанта важно учитывать его опыт, репутацию, уровень сертификации и подход к управлению инвестициями."
bot,Какая доходность облигаций государственного займа США на сегодня?
bot,На этой неделе ожидаются отчеты по безработице и ВВП США.
user,Какие риски связаны с инвестированием в стартапы?
user,"На изменение валютного курса влияют экономические показатели, политические события, рыночные ожидания и действия центральных банков."
bot,Каков прогноз по цене золота на следующий месяц?
bot,"Криптовалюта — это цифровая валюта, использующая криптографию для обеспечения безопасности транзакций. Работает на основе блокчейн-технологии."
user,Каков прогноз по цене золота на следующий месяц?
user,Какой прогноз по цене нефти на следующий квартал?
user,"На изменение валютного курса влияют экономические показатели, политические события, рыночные ожидания и действия центральных банков."
bot,Курс евро к доллару изменился с 1.092 до 1.095 за последнюю неделю.
user,Каковы текущие котировки акций компании Apple?
user,Компания Microsoft сообщила о доходах в размере $55.5 млрд и чистой прибыли $18.3 млрд за последний квартал.
user,На этой неделе ожидаются отчеты по безработице и ВВП США.
user,Какой прогноз по цене нефти на следующий квартал?
bot,Курс евро к доллару изменился с 1.092 до 1.095 за последнюю неделю.
bot,Сегодня на фондовом рынке наблюдается рост индексов S&P 500 и NASDAQ после позитивных экономических отчетов.
user,Какие новости из Китая могут повлиять на мировую экономику?
bot,"Криптовалюта — это цифровая валюта, использующая криптографию для обеспечения безопасности транзакций. Работает на основе блокчейн-технологии."
user,Ставки по ипотечным кредитам в этом месяце снизились до 4.20%.
bot,Каков прогноз по цене золота на следующий месяц?
user,Какие акции показали наибольший рост в этом месяце?
user,Какие факторы влияют на изменение валютного курса?
bot,Расскажи о последних новостях на фондовом рынке.
bot,Курс евро к доллару изменился с 1.092 до 1.095 за последнюю неделю.
bot,Какие акции торгуются на Нью-Йоркской фондовой бирже?
user,Текущие котировки акций Apple составляют $173.21.
bot,"На изменение валютного курса влияют экономические показатели, политические события, рыночные ожидания и действия центральных банков."
user,Расскажи о последних новостях на фондовом рынке.
user,Курс евро к доллару изменился с 1.092 до 1.095 за последнюю неделю.
user,"На Нью-Йоркской фондовой бирже торгуются такие акции, как IBM, Pfizer, Bank of America и многие другие."
user,"В условиях нестабильной экономики рекомендуется инвестировать в золото, государственные облигации и диверсифицированные инвестиционные фонды."
user,Какие акции показали наибольший рост в этом месяце?
bot,Каковы текущие котировки акций компании Apple?
user,Как выбрать хорошего финансового консультанта?
user,"В условиях нестабильной экономики рекомендуется инвестировать в золото, государственные облигации и диверсифицированные инвестиционные фонды."
bot,Какие факторы влияют на изменение валютного курса?
bot,Как изменились ставки по ипотечным кредитам в этом месяце?
bot,Текущие котировки акций Apple составляют $173.21.
bot,Ставки по ипотечным кредитам в этом месяце снизились до 4.20%.
bot,Какие компании выплатят дивиденды в этом квартале?
bot,Каков прогноз по цене золота на следующий месяц?
user,На этой неделе ожидаются отчеты по безработице и ВВП США.
bot,Что такое криптовалюта и как она работает?
user,"В условиях нестабильной экономики рекомендуется инвестировать в золото, государственные облигации и диверсифицированные инвестиционные фонды."
bot,Какие акции показали наибольший рост в этом месяце?
bot,Прогноз по цене нефти на следующий квартал предполагает её снижение до $70 за баррель.
bot,На этой неделе ожидаются отчеты по безработице и ВВП США.
user,Какой прогноз по цене нефти на следующий квартал?
bot,"На Нью-Йоркской фондовой бирже торгуются такие акции, как IBM, Pfizer, Bank of America и многие другие."
bot,Какие факторы влияют на изменение валютного курса?
user,"На Нью-Йоркской фондовой бирже торгуются такие акции, как IBM, Pfizer, Bank of America и многие другие."
bot,Каков прогноз по цене золота на следующий месяц?
bot,"В этом квартале дивиденды выплатят компании Microsoft, Johnson & Johnson и Coca-Cola."
user,Курс евро к доллару изменился с 1.092 до 1.095 за последнюю неделю.
bot,"Риски инвестирования в стартапы включают высокий уровень неопределенности, отсутствие доходов на начальных этапах и потенциальные проблемы с управлением компанией."
user,"В этом квартале дивиденды выплатят компании Microsoft, Johnson & Johnson и Coca-Cola."
bot,Курс евро к доллару изменился с 1.092 до 1.095 за последнюю неделю.
bot,"На изменение валютного курса влияют экономические показатели, политические события, рыночные ожидания и действия центральных банков."
bot,Какие акции показали наибольший рост в этом месяце?
user,Ставки по ипотечным кредитам в этом месяце снизились до 4.20%.
bot,"Риски инвестирования в стартапы включают высокий уровень неопределенности, отсутствие доходов на начальных этапах и потенциальные проблемы с управлением компанией."
bot,"Для пенсионного плана подойдут диверсифицированные инвестиционные фонды, облигации и высокодоходные акции компаний с долгой историей выплат дивидендов."
bot,Ставки по ипотечным кредитам в этом месяце снизились до 4.20%.
user,Каков прогноз по цене золота на следующий месяц?
bot,Компания Microsoft сообщила о доходах в размере $55.5 млрд и чистой прибыли $18.3 млрд за последний квартал.
user,Какие новости из Китая могут повлиять на мировую экономику?
user,Ставки по ипотечным кредитам в этом месяце снизились до 4.20%.
bot,На этой неделе ожидаются отчеты по безработице и ВВП США.
bot,Курс евро к доллару изменился с 1.092 до 1.095 за последнюю неделю.
user,"В этом квартале дивиденды выплатят компании Microsoft, Johnson & Johnson и Coca-Cola."
user,Расскажи о последних новостях на фондовом рынке.
user,На этой неделе ожидаются отчеты по безработице и ВВП США.
user,Курс евро к доллару изменился с 1.092 до 1.095 за последнюю неделю.
bot,Каковы текущие котировки акций компании Apple?
bot,Каковы текущие котировки акций компании Apple?
bot,"Для пенсионного плана подойдут диверсифицированные инвестиционные фонды, облигации и высокодоходные акции компаний с долгой историей выплат дивидендов."
user,"В этом квартале дивиденды выплатят компании Microsoft, Johnson & Johnson и Coca-Cola."
bot,Каковы текущие котировки акций компании Apple?
bot,"В условиях нестабильной экономики рекомендуется инвестировать в золото, государственные облигации и диверсифицированные инвестиционные фонды."
user,Что такое криптовалюта и как она работает?
bot,Какие акции показали наибольший рост в этом месяце?
user,Текущий тренд на рынке недвижимости показывает рост цен на жилье в крупных городах и замедление темпов роста в пригородах.
user,Компания Microsoft сообщила о доходах в размере $55.5 млрд и чистой прибыли $18.3 млрд за последний квартал.
bot,Прогноз по цене нефти на следующий квартал предполагает её снижение до $70 за баррель.
bot,Какие новости из Китая могут повлиять на мировую экономику?
bot,"Для выбора хорошего финансового консультанта важно учитывать его опыт, репутацию, уровень сертификации и подход к управлению инвестициями."
bot,Ставки по ипотечным кредитам в этом месяце снизились до 4.20%.
user,Прогноз по цене нефти на следующий квартал предполагает её снижение до $70 за баррель.
bot,Прогноз по цене нефти на следующий квартал предполагает её снижение до $70 за баррель.
user,Каковы текущие котировки акций компании Apple?
user,Компания Microsoft сообщила о доходах в размере $55.5 млрд и чистой прибыли $18.3 млрд за последний квартал.
user,Курс евро к доллару изменился с 1.092 до 1.095 за последнюю неделю.
bot,Какие новости из Китая могут повлиять на мировую экономику?
user,Каковы текущие котировки акций компании Apple?
bot,"В этом квартале дивиденды выплатят компании Microsoft, Johnson & Johnson и Coca-Cola."
user,Какая доходность облигаций государственного займа США на сегодня?
bot,Компания Microsoft сообщила о доходах в размере $55.5 млрд и чистой прибыли $18.3 млрд за последний квартал.
bot,Сегодня на фондовом рынке наблюдается рост индексов S&P 500 и NASDAQ после позитивных экономических отчетов.
user,Курс евро к доллару изменился с 1.092 до 1.095 за последнюю неделю.
bot,Каковы текущие котировки акций компании Apple?
user,Каковы текущие котировки акций компании Apple?
bot,Какие риски связаны с инвестированием в стартапы?
bot,Текущие котировки акций Apple составляют $173.21.
bot,"Прогноз по цене золота на следующий месяц предполагает её рост до $1,950 за унцию."
user,"В условиях нестабильной экономики рекомендуется инвестировать в золото, государственные облигации и диверсифицированные инвестиционные фонды."
bot,Ставки по ипотечным кредитам в этом месяце снизились до 4.20%.
bot,"В этом квартале дивиденды выплатят компании Microsoft, Johnson & Johnson и Coca-Cola."
user,Каков прогноз по цене золота на следующий месяц?
user,Какой прогноз по цене нефти на следующий квартал?
user,Расскажи о последних новостях на фондовом рынке.
bot,"Криптовалюта — это цифровая валюта, использующая криптографию для обеспечения безопасности транзакций. Работает на основе блокчейн-технологии."
user,"Для пенсионного плана подойдут диверсифицированные инвестиционные фонды, облигации и высокодоходные акции компаний с долгой историей выплат дивидендов."
user,Текущий тренд на рынке недвижимости показывает рост цен на жилье в крупных городах и замедление темпов роста в пригородах.
user,"Новости из Китая, такие как изменения в экономической политике, данные по ВВП или торговые соглашения, могут значительно повлиять на мировую экономику."
user,Каковы текущие котировки акций компании Apple?
bot,Какие компании выплатят дивиденды в этом квартале?
bot,"Риски инвестирования в стартапы включают высокий уровень неопределенности, отсутствие доходов на начальных этапах и потенциальные проблемы с управлением компанией."
bot,"В условиях нестабильной экономики рекомендуется инвестировать в золото, государственные облигации и диверсифицированные инвестиционные фонды."
bot,Сегодня на фондовом рынке наблюдается рост индексов S&P 500 и NASDAQ после позитивных экономических отчетов.
user,Текущий тренд на рынке недвижимости показывает рост цен на жилье в крупных городах и замедление темпов роста в пригородах.
bot,"На изменение валютного курса влияют экономические показатели, политические события, рыночные ожидания и действия центральных банков."
user,"В этом квартале дивиденды выплатят компании Microsoft, Johnson & Johnson и Coca-Cola."
user,"На Нью-Йоркской фондовой бирже торгуются такие акции, как IBM, Pfizer, Bank of America и многие другие."
bot,Прогноз по цене нефти на следующий квартал предполагает её снижение до $70 за баррель.
user,"Фондовые индексы могут расти в условиях экономического роста и снижения, и наоборот, падать в условиях экономического спада."
bot,Текущий тренд на рынке недвижимости показывает рост цен на жилье в крупных городах и замедление темпов роста в пригородах.
bot,Какой прогноз по цене нефти на следующий квартал?
bot,"На Нью-Йоркской фондовой бирже торгуются такие акции, как IBM, Pfizer, Bank of America и многие другие."
bot,"Прогноз по цене золота на следующий месяц предполагает её рост до $1,950 за унцию."
bot,"На изменение валютного курса влияют экономические показатели, политические события, рыночные ожидания и действия центральных банков."
user,Какие риски связаны с инвестированием в стартапы?
bot,Какие акции торгуются на Нью-Йоркской фондовой бирже?
user,Какой прогноз по цене нефти на следующий квартал?
bot,Курс евро к доллару изменился с 1.092 до 1.095 за последнюю неделю.
user,Каков текущий тренд на рынке недвижимости?
bot,Что такое криптовалюта и как она работает?
bot,Компания Microsoft сообщила о доходах в размере $55.5 млрд и чистой прибыли $18.3 млрд за последний квартал.
user,Сегодня на фондовом рынке наблюдается рост индексов S&P 500 и NASDAQ после позитивных экономических отчетов.
user,Каков прогноз по цене золота на следующий месяц?
user,Сегодня на фондовом рынке наблюдается рост индексов S&P 500 и NASDAQ после позитивных экономических отчетов.
bot,"Новости из Китая, такие как изменения в экономической политике, данные по ВВП или торговые соглашения, могут значительно повлиять на мировую экономику."
bot,"Для выбора хорошего финансового консультанта важно учитывать его опыт, репутацию, уровень сертификации и подход к управлению инвестициями."
user,Курс евро к доллару изменился с 1.092 до 1.095 за последнюю неделю.
user,"Криптовалюта — это цифровая валюта, использующая криптографию для обеспечения безопасности транзакций. Работает на основе блокчейн-технологии."
bot,Компания Microsoft сообщила о доходах в размере $55.5 млрд и чистой прибыли $18.3 млрд за последний квартал.
user,"Риски инвестирования в стартапы включают высокий уровень неопределенности, отсутствие доходов на начальных этапах и потенциальные проблемы с управлением компанией."
user,"Прогноз по цене золота на следующий месяц предполагает её рост до $1,950 за унцию."
bot,Компания Microsoft сообщила о доходах в размере $55.5 млрд и чистой прибыли $18.3 млрд за последний квартал.
bot,"Прогноз по цене золота на следующий месяц предполагает её рост до $1,950 за унцию."
bot,"В этом квартале дивиденды выплатят компании Microsoft, Johnson & Johnson и Coca-Cola."
user,Какие акции торгуются на Нью-Йоркской фондовой бирже?
bot,"Прогноз по цене золота на следующий месяц предполагает её рост до $1,950 за унцию."
user,"В этом квартале дивиденды выплатят компании Microsoft, Johnson & Johnson и Coca-Cola."
user,"На Нью-Йоркской фондовой бирже торгуются такие акции, как IBM, Pfizer, Bank of America и многие другие."
bot,Курс евро к доллару изменился с 1.092 до 1.095 за последнюю неделю.
bot,Как изменились ставки по ипотечным кредитам в этом месяце?
user,Какие акции показали наибольший рост в этом месяце?
bot,Компания Microsoft сообщила о доходах в размере $55.5 млрд и чистой прибыли $18.3 млрд за последний квартал.
user,"Прогноз по цене золота на следующий месяц предполагает её рост до $1,950 за унцию."
user,Компания Microsoft сообщила о доходах в размере $55.5 млрд и чистой прибыли $18.3 млрд за последний квартал.
bot,Текущие котировки акций Apple составляют $173.21.
user,"На Нью-Йоркской фондовой бирже торгуются такие акции, как IBM, Pfizer, Bank of America и многие другие."
user,Каковы текущие котировки акций компании Apple?
user,Как изменились ставки по ипотечным кредитам в этом месяце?
user,"На Нью-Йоркской фондовой бирже торгуются такие акции, как IBM, Pfizer, Bank of America и многие другие."
bot,Как выбрать хорошего финансового консультанта?
bot,"На Нью-Йоркской фондовой бирже торгуются такие акции, как IBM, Pfizer, Bank of America и многие другие."
bot,Как выбрать хорошего финансового консультанта?
bot,"В этом квартале дивиденды выплатят компании Microsoft, Johnson & Johnson и Coca-Cola."
user,Какие риски связаны с инвестированием в стартапы?
user,"На Нью-Йоркской фондовой бирже торгуются такие акции, как IBM, Pfizer, Bank of America и многие другие."
bot,"Риски инвестирования в стартапы включают высокий уровень неопределенности, отсутствие доходов на начальных этапах и потенциальные проблемы с управлением компанией."
bot,Ставки по ипотечным кредитам в этом месяце снизились до 4.20%.
user,"Новости из Китая, такие как изменения в экономической политике, данные по ВВП или торговые соглашения, могут значительно повлиять на мировую экономику."
user,"Риски инвестирования в стартапы включают высокий уровень неопределенности, отсутствие доходов на начальных этапах и потенциальные проблемы с управлением компанией."
bot,Расскажи о последних новостях на фондовом рынке.
user,"На Нью-Йоркской фондовой бирже торгуются такие акции, как IBM, Pfizer, Bank of America и многие другие."
bot,"Криптовалюта — это цифровая валюта, использующая криптографию для обеспечения безопасности транзакций. Работает на основе блокчейн-технологии."
user,Какие компании выплатят дивиденды в этом квартале?
bot,На этой неделе ожидаются отчеты по безработице и ВВП США.
user,Сегодня на фондовом рынке наблюдается рост индексов S&P 500 и NASDAQ после позитивных экономических отчетов.
user,"Новости из Китая, такие как изменения в экономической политике, данные по ВВП или торговые соглашения, могут значительно повлиять на мировую экономику."
user,Как выбрать хорошего финансового консультанта?
bot,"Новости из Китая, такие как изменения в экономической политике, данные по ВВП или торговые соглашения, могут значительно повлиять на мировую экономику."
user,"Фондовые индексы могут расти в условиях экономического роста и снижения, и наоборот, падать в условиях экономического спада."
user,Текущий тренд на рынке недвижимости показывает рост цен на жилье в крупных городах и замедление темпов роста в пригородах.
bot,Как выбрать хорошего финансового консультанта?
user,Каковы текущие котировки акций компании Apple?
user,Какой прогноз по цене нефти на следующий квартал?
user,Какие компании выплатят дивиденды в этом квартале?
bot,Какая доходность облигаций государственного займа США на сегодня?
user,Что такое криптовалюта и как она работает?
user,Какие риски связаны с инвестированием в стартапы?
bot,Какие новости из Китая могут повлиять на мировую экономику?
user,Ставки по ипотечным кредитам в этом месяце снизились до 4.20%.
bot,Каковы текущие котировки акций компании Apple?
bot,Какие факторы влияют на изменение валютного курса?
user,"Прогноз по цене золота на следующий месяц предполагает её рост до $1,950 за унцию."
bot,Что такое криптовалюта и как она работает?
user,Что такое криптовалюта и как она работает?
user,Какие новости из Китая могут повлиять на мировую экономику?
user,"На Нью-Йоркской фондовой бирже торгуются такие акции, как IBM, Pfizer, Bank of America и многие другие."
bot,Курс евро к доллару изменился с 1.092 до 1.095 за последнюю неделю.
bot,"Прогноз по цене золота на следующий месяц предполагает её рост до $1,950 за унцию."
bot,Текущие котировки акций Apple составляют $173.21.
bot,Сегодня на фондовом рынке наблюдается рост индексов S&P 500 и NASDAQ после позитивных экономических отчетов.
user,Сегодня на фондовом рынке наблюдается рост индексов S&P 500 и NASDAQ после позитивных экономических отчетов.
user,"Для пенсионного плана подойдут диверсифицированные инвестиционные фонды, облигации и высокодоходные акции компаний с долгой историей выплат дивидендов."
user,Компания Microsoft сообщила о доходах в размере $55.5 млрд и чистой прибыли $18.3 млрд за последний квартал.
bot,"На Нью-Йоркской фондовой бирже торгуются такие акции, как IBM, Pfizer, Bank of America и многие другие."
user,Расскажи о последних новостях на фондовом рынке.
bot,Какая доходность облигаций государственного займа США на сегодня?
bot,Какой прогноз по цене нефти на следующий квартал?
bot,На этой неделе ожидаются отчеты по безработице и ВВП США.
bot,Каковы текущие котировки акций компании Apple?
bot,Сегодня на фондовом рынке наблюдается рост индексов S&P 500 и NASDAQ после позитивных экономических отчетов.
user,Текущие котировки акций Apple составляют $173.21.
bot,"В условиях нестабильной экономики рекомендуется инвестировать в золото, государственные облигации и диверсифицированные инвестиционные фонды."
user,Ставки по ипотечным кредитам в этом месяце снизились до 4.20%.
user,Какие акции показали наибольший рост в этом месяце?
bot,Каковы текущие котировки акций компании Apple?
bot,Курс евро к доллару изменился с 1.092 до 1.095 за последнюю неделю.
bot,Какие новости из Китая могут повлиять на мировую экономику?
user,Какие факторы влияют на изменение валютного курса?
bot,Какие новости из Китая могут повлиять на мировую экономику?
user,Компания Microsoft сообщила о доходах в размере $55.5 млрд и чистой прибыли $18.3 млрд за последний квартал.
bot,Какие новости из Китая могут повлиять на мировую экономику?
user,Какой прогноз по цене нефти на следующий квартал?
user,Какие новости из Китая могут повлиять на мировую экономику?
user,"Фондовые индексы могут расти в условиях экономического роста и снижения, и наоборот, падать в условиях экономического спада."
bot,Какие факторы влияют на изменение валютного курса?
bot,Текущие котировки акций Apple составляют $173.21.
bot,Какой текущий курс биткойна к доллару США?
bot,"Новости из Китая, такие как изменения в экономической политике, данные по ВВП или торговые соглашения, могут значительно повлиять на мировую экономику."
bot,Какой прогноз по цене нефти на следующий квартал?
user,Сегодня на фондовом рынке наблюдается рост индексов S&P 500 и NASDAQ после позитивных экономических отчетов.
bot,"Криптовалюта — это цифровая валюта, использующая криптографию для обеспечения безопасности транзакций. Работает на основе блокчейн-технологии."
bot,"На Нью-Йоркской фондовой бирже торгуются такие акции, как IBM, Pfizer, Bank of America и многие другие."
bot,Расскажи о последних новостях на фондовом рынке.
user,"Фондовые индексы могут расти в условиях экономического роста и снижения, и наоборот, падать в условиях экономического спада."
bot,Какая доходность облигаций государственного займа США на сегодня?
user,"В условиях нестабильной экономики рекомендуется инвестировать в золото, государственные облигации и диверсифицированные инвестиционные фонды."
bot,"На изменение валютного курса влияют экономические показатели, политические события, рыночные ожидания и действия центральных банков."
user,Каков прогноз по цене золота на следующий месяц?
user,Ставки по ипотечным кредитам в этом месяце снизились до 4.20%.
bot,Какой прогноз по цене нефти на следующий квартал?
bot,Какая доходность облигаций государственного займа США на сегодня?
user,Как изменились ставки по ипотечным кредитам в этом месяце?
bot,Какие новости из Китая могут повлиять на мировую экономику?
user,Текущий тренд на рынке недвижимости показывает рост цен на жилье в крупных городах и замедление темпов роста в пригородах.
user,Каков прогноз по цене золота на следующий месяц?
bot,Текущий тренд на рынке недвижимости показывает рост цен на жилье в крупных городах и замедление темпов роста в пригородах.
bot,Какая доходность облигаций государственного займа США на сегодня?
bot,Текущие котировки акций Apple составляют $173.21.
user,На этой неделе ожидаются отчеты по безработице и ВВП США.
user,Прогноз по цене нефти на следующий квартал предполагает её снижение до $70 за баррель.
bot,"Фондовые индексы могут расти в условиях экономического роста и снижения, и наоборот, падать в условиях экономического спада."
bot,Какие акции показали наибольший рост в этом месяце?
user,Прогноз по цене нефти на следующий квартал предполагает её снижение до $70 за баррель.
bot,Какая доходность облигаций государственного займа США на сегодня?
user,Сегодня на фондовом рынке наблюдается рост индексов S&P 500 и NASDAQ после позитивных экономических отчетов.
bot,Какие компании выплатят дивиденды в этом квартале?
user,"В этом квартале дивиденды выплатят компании Microsoft, Johnson & Johnson и Coca-Cola."
user,"Для пенсионного плана подойдут диверсифицированные инвестиционные фонды, облигации и высокодоходные акции компаний с долгой историей выплат дивидендов."
user,"В условиях нестабильной экономики рекомендуется инвестировать в золото, государственные облигации и диверсифицированные инвестиционные фонды."
user,Какие новости из Китая могут повлиять на мировую экономику?
user,Каков прогноз по цене золота на следующий месяц?
user,Как изменились ставки по ипотечным кредитам в этом месяце?
user,"На Нью-Йоркской фондовой бирже торгуются такие акции, как IBM, Pfizer, Bank of America и многие другие."
bot,Какие компании выплатят дивиденды в этом квартале?
bot,"Новости из Китая, такие как изменения в экономической политике, данные по ВВП или торговые соглашения, могут значительно повлиять на мировую экономику."
bot,Ставки по ипотечным кредитам в этом месяце снизились до 4.20%.
user,Ставки по ипотечным кредитам в этом месяце снизились до 4.20%.
user,Как изменились ставки по ипотечным кредитам в этом месяце?
bot,Какой текущий курс биткойна к доллару США?
bot,"Прогноз по цене золота на следующий месяц предполагает её рост до $1,950 за унцию."
bot,"На Нью-Йоркской фондовой бирже торгуются такие акции, как IBM, Pfizer, Bank of America и многие другие."
user,"Риски инвестирования в стартапы включают высокий уровень неопределенности, отсутствие доходов на начальных этапах и потенциальные проблемы с управлением компанией."
user,Какой текущий курс биткойна к доллару США?
user,"Для выбора хорошего финансового консультанта важно учитывать его опыт, репутацию, уровень сертификации и подход к управлению инвестициями."
user,Что такое криптовалюта и как она работает?
user,"Для пенсионного плана подойдут диверсифицированные инвестиционные фонды, облигации и высокодоходные акции компаний с долгой историей выплат дивидендов."
bot,Какая доходность облигаций государственного займа США на сегодня?
bot,Компания Microsoft сообщила о доходах в размере $55.5 млрд и чистой прибыли $18.3 млрд за последний квартал.
user,"Прогноз по цене золота на следующий месяц предполагает её рост до $1,950 за унцию."
bot,Что такое криптовалюта и как она работает?
bot,Сегодня на фондовом рынке наблюдается рост индексов S&P 500 и NASDAQ после позитивных экономических отчетов.
bot,Сегодня на фондовом рынке наблюдается рост индексов S&P 500 и NASDAQ после позитивных экономических отчетов.
bot,Текущий тренд на рынке недвижимости показывает рост цен на жилье в крупных городах и замедление темпов роста в пригородах.
user,"В этом квартале дивиденды выплатят компании Microsoft, Johnson & Johnson и Coca-Cola."
user,Курс евро к доллару изменился с 1.092 до 1.095 за последнюю неделю.
bot,"На Нью-Йоркской фондовой бирже торгуются такие акции, как IBM, Pfizer, Bank of America и многие другие."
bot,Каковы текущие котировки акций компании Apple?
user,Каковы текущие котировки акций компании Apple?
bot,"Прогноз по цене золота на следующий месяц предполагает её рост до $1,950 за унцию."
bot,"Фондовые индексы могут расти в условиях экономического роста и снижения, и наоборот, падать в условиях экономического спада."
user,Какие факторы влияют на изменение валютного курса?
bot,Расскажи о последних новостях на фондовом рынке.
bot,Курс евро к доллару изменился с 1.092 до 1.095 за последнюю неделю.
bot,"Для пенсионного плана подойдут диверсифицированные инвестиционные фонды, облигации и высокодоходные акции компаний с долгой историей выплат дивидендов."
bot,Текущий тренд на рынке недвижимости показывает рост цен на жилье в крупных городах и замедление темпов роста в пригородах.
bot,Каков текущий тренд на рынке недвижимости?
bot,Курс евро к доллару изменился с 1.092 до 1.095 за последнюю неделю.
bot,"Для выбора хорошего финансового консультанта важно учитывать его опыт, репутацию, уровень сертификации и подход к управлению инвестициями."
user,"Фондовые индексы могут расти в условиях экономического роста и снижения, и наоборот, падать в условиях экономического спада."
user,На этой неделе ожидаются отчеты по безработице и ВВП США.
user,Каковы текущие котировки акций компании Apple?
bot,"Криптовалюта — это цифровая валюта, использующая криптографию для обеспечения безопасности транзакций. Работает на основе блокчейн-технологии."
bot,Ставки по ипотечным кредитам в этом месяце снизились до 4.20%.
user,"Фондовые индексы могут расти в условиях экономического роста и снижения, и наоборот, падать в условиях экономического спада."
user,На этой неделе ожидаются отчеты по безработице и ВВП США.
bot,"Криптовалюта — это цифровая валюта, использующая криптографию для обеспечения безопасности транзакций. Работает на основе блокчейн-технологии."
bot,Каков прогноз по цене золота на следующий месяц?
user,Каков текущий тренд на рынке недвижимости?
bot,На этой неделе ожидаются отчеты по безработице и ВВП США.
bot,Прогноз по цене нефти на следующий квартал предполагает её снижение до $70 за баррель.
user,Какие новости из Китая могут повлиять на мировую экономику?
user,Какие новости из Китая могут повлиять на мировую экономику?
bot,"Для выбора хорошего финансового консультанта важно учитывать его опыт, репутацию, уровень сертификации и подход к управлению инвестициями."
bot,"Новости из Китая, такие как изменения в экономической политике, данные по ВВП или торговые соглашения, могут значительно повлиять на мировую экономику."
user,Какой текущий курс биткойна к доллару США?
bot,"Фондовые индексы могут расти в условиях экономического роста и снижения, и наоборот, падать в условиях экономического спада."
user,Ставки по ипотечным кредитам в этом месяце снизились до 4.20%.
bot,"Риски инвестирования в стартапы включают высокий уровень неопределенности, отсутствие доходов на начальных этапах и потенциальные проблемы с управлением компанией."
user,Текущие котировки акций Apple составляют $173.21.
bot,Какие компании выплатят дивиденды в этом квартале?
user,Какой прогноз по цене нефти на следующий квартал?
bot,Расскажи о последних новостях на фондовом рынке.
user,Какие акции торгуются на Нью-Йоркской фондовой бирже?
bot,На этой неделе ожидаются отчеты по безработице и ВВП США.
user,Каков прогноз по цене золота на следующий месяц?
bot,На этой неделе ожидаются отчеты по безработице и ВВП США.
bot,Что такое криптовалюта и как она работает?
bot,"На Нью-Йоркской фондовой бирже торгуются такие акции, как IBM, Pfizer, Bank of America и многие другие."
bot,Что такое криптовалюта и как она работает?
user,Какие акции показали наибольший рост в этом месяце?
bot,Какая доходность облигаций государственного займа США на сегодня?
user,Какая доходность облигаций государственного займа США на сегодня?
bot,На этой неделе ожидаются отчеты по безработице и ВВП США.
user,Расскажи о последних новостях на фондовом рынке.
bot,Каковы текущие котировки акций компании Apple?
user,На этой неделе ожидаются отчеты по безработице и ВВП США.
user,Ставки по ипотечным кредитам в этом месяце снизились до 4.20%.
bot,Каковы текущие котировки акций компании Apple?
bot,"Новости из Китая, такие как изменения в экономической политике, данные по ВВП или торговые соглашения, могут значительно повлиять на мировую экономику."
user,Как выбрать хорошего финансового консультанта?
user,Курс евро к доллару изменился с 1.092 до 1.095 за последнюю неделю.
user,"Новости из Китая, такие как изменения в экономической политике, данные по ВВП или торговые соглашения, могут значительно повлиять на мировую экономику."
user,"Прогноз по цене золота на следующий месяц предполагает её рост до $1,950 за унцию."
user,Сегодня на фондовом рынке наблюдается рост индексов S&P 500 и NASDAQ после позитивных экономических отчетов.
user,Компания Microsoft сообщила о доходах в размере $55.5 млрд и чистой прибыли $18.3 млрд за последний квартал.
bot,Текущий тренд на рынке недвижимости показывает рост цен на жилье в крупных городах и замедление темпов роста в пригородах.
bot,"Прогноз по цене золота на следующий месяц предполагает её рост до $1,950 за унцию."
bot,Текущие котировки акций Apple составляют $173.21.
user,На этой неделе ожидаются отчеты по безработице и ВВП США.
user,"Криптовалюта — это цифровая валюта, использующая криптографию для обеспечения безопасности транзакций. Работает на основе блокчейн-технологии."
user,"На Нью-Йоркской фондовой бирже торгуются такие акции, как IBM, Pfizer, Bank of America и многие другие."
user,"В этом квартале дивиденды выплатят компании Microsoft, Johnson & Johnson и Coca-Cola."
user,Что такое криптовалюта и как она работает?
user,"Риски инвестирования в стартапы включают высокий уровень неопределенности, отсутствие доходов на начальных этапах и потенциальные проблемы с управлением компанией."
user,Каков прогноз по цене золота на следующий месяц?
bot,"Фондовые индексы могут расти в условиях экономического роста и снижения, и наоборот, падать в условиях экономического спада."
bot,Что такое криптовалюта и как она работает?
user,Как изменились ставки по ипотечным кредитам в этом месяце?
user,Как выбрать хорошего финансового консультанта?
bot,Расскажи о последних новостях на фондовом рынке.
bot,Каковы текущие котировки акций компании Apple?
user,Как изменились ставки по ипотечным кредитам в этом месяце?
bot,Курс евро к доллару изменился с 1.092 до 1.095 за последнюю неделю.
bot,"Новости из Китая, такие как изменения в экономической политике, данные по ВВП или торговые соглашения, могут значительно повлиять на мировую экономику."
user,Каковы текущие котировки акций компании Apple?
bot,Каковы текущие котировки акций компании Apple?
user,Какие новости из Китая могут повлиять на мировую экономику?
user,Как изменились ставки по ипотечным кредитам в этом месяце?
bot,Курс евро к доллару изменился с 1.092 до 1.095 за последнюю неделю.
user,На этой неделе ожидаются отчеты по безработице и ВВП США.
user,Текущие котировки акций Apple составляют $173.21.
user,"Для выбора хорошего финансового консультанта важно учитывать его опыт, репутацию, уровень сертификации и подход к управлению инвестициями."
bot,Как изменились ставки по ипотечным кредитам в этом месяце?
user,Прогноз по цене нефти на следующий квартал предполагает её снижение до $70 за баррель.
user,Текущий тренд на рынке недвижимости показывает рост цен на жилье в крупных городах и замедление темпов роста в пригородах.
bot,На этой неделе ожидаются отчеты по безработице и ВВП США.
bot,Компания Microsoft сообщила о доходах в размере $55.5 млрд и чистой прибыли $18.3 млрд за последний квартал.
user,Какой прогноз по цене нефти на следующий квартал?
bot,"На Нью-Йоркской фондовой бирже торгуются такие акции, как IBM, Pfizer, Bank of America и многие другие."
bot,"Риски инвестирования в стартапы включают высокий уровень неопределенности, отсутствие доходов на начальных этапах и потенциальные проблемы с управлением компанией."
bot,Каковы текущие котировки акций компании Apple?
user,Текущие котировки акций Apple составляют $173.21.
user,Текущие котировки акций Apple составляют $173.21.
user,Курс евро к доллару изменился с 1.092 до 1.095 за последнюю неделю.
user,Какие риски связаны с инвестированием в стартапы?
bot,"Прогноз по цене золота на следующий месяц предполагает её рост до $1,950 за унцию."
bot,Компания Microsoft сообщила о доходах в размере $55.5 млрд и чистой прибыли $18.3 млрд за последний квартал.
bot,Сегодня на фондовом рынке наблюдается рост индексов S&P 500 и NASDAQ после позитивных экономических отчетов.
user,Какой прогноз по цене нефти на следующий квартал?
user,Ставки по ипотечным кредитам в этом месяце снизились до 4.20%.
user,"В этом квартале дивиденды выплатят компании Microsoft, Johnson & Johnson и Coca-Cola."
user,Какие факторы влияют на изменение валютного курса?
user,"В условиях нестабильной экономики рекомендуется инвестировать в золото, государственные облигации и диверсифицированные инвестиционные фонды."
user,Каковы текущие котировки акций компании Apple?
bot,Как изменились ставки по ипотечным кредитам в этом месяце?
user,Сегодня на фондовом рынке наблюдается рост индексов S&P 500 и NASDAQ после позитивных экономических отчетов.
bot,Прогноз по цене нефти на следующий квартал предполагает её снижение до $70 за баррель.
user,Какой прогноз по цене нефти на следующий квартал?
user,"Для выбора хорошего финансового консультанта важно учитывать его опыт, репутацию, уровень сертификации и подход к управлению инвестициями."
user,Как изменились ставки по ипотечным кредитам в этом месяце?
user,"В этом квартале дивиденды выплатят компании Microsoft, Johnson & Johnson и Coca-Cola."
bot,Какие новости из Китая могут повлиять на мировую экономику?
user,Сегодня на фондовом рынке наблюдается рост индексов S&P 500 и NASDAQ после позитивных экономических отчетов.
user,"Криптовалюта — это цифровая валюта, использующая криптографию для обеспечения безопасности транзакций. Работает на основе блокчейн-технологии."
bot,Компания Microsoft сообщила о доходах в размере $55.5 млрд и чистой прибыли $18.3 млрд за последний квартал.
bot,"На изменение валютного курса влияют экономические показатели, политические события, рыночные ожидания и действия центральных банков."
bot,"Риски инвестирования в стартапы включают высокий уровень неопределенности, отсутствие доходов на начальных этапах и потенциальные проблемы с управлением компанией."
user,Ставки по ипотечным кредитам в этом месяце снизились до 4.20%.
user,Какая доходность облигаций государственного займа США на сегодня?
bot,"Прогноз по цене золота на следующий месяц предполагает её рост до $1,950 за унцию."
user,Что такое криптовалюта и как она работает?
user,Какие риски связаны с инвестированием в стартапы?
user,"На изменение валютного курса влияют экономические показатели, политические события, рыночные ожидания и действия центральных банков."
bot,"На изменение валютного курса влияют экономические показатели, политические события, рыночные ожидания и действия центральных банков."
bot,Какой текущий курс биткойна к доллару США?
bot,Сегодня на фондовом рынке наблюдается рост индексов S&P 500 и NASDAQ после позитивных экономических отчетов.
user,Какой текущий курс биткойна к доллару США?
user,Ставки по ипотечным кредитам в этом месяце снизились до 4.20%.
user,"Новости из Китая, такие как изменения в экономической политике, данные по ВВП или торговые соглашения, могут значительно повлиять на мировую экономику."
user,"Прогноз по цене золота на следующий месяц предполагает её рост до $1,950 за унцию."
bot,"Новости из Китая, такие как изменения в экономической политике, данные по ВВП или торговые соглашения, могут значительно повлиять на мировую экономику."
user,"Риски инвестирования в стартапы включают высокий уровень неопределенности, отсутствие доходов на начальных этапах и потенциальные проблемы с управлением компанией."
bot,Курс евро к доллару изменился с 1.092 до 1.095 за последнюю неделю.
user,Какая доходность облигаций государственного займа США на сегодня?
user,Ставки по ипотечным кредитам в этом месяце снизились до 4.20%.
bot,"Криптовалюта — это цифровая валюта, использующая криптографию для обеспечения безопасности транзакций. Работает на основе блокчейн-технологии."
user,Каков прогноз по цене золота на следующий месяц?
user,Какой текущий курс биткойна к доллару США?
user,Ставки по ипотечным кредитам в этом месяце снизились до 4.20%.
user,"Криптовалюта — это цифровая валюта, использующая криптографию для обеспечения безопасности транзакций. Работает на основе блокчейн-технологии."
user,"Прогноз по цене золота на следующий месяц предполагает её рост до $1,950 за унцию."
bot,Расскажи о последних новостях на фондовом рынке.
bot,Ставки по ипотечным кредитам в этом месяце снизились до 4.20%.
bot,Какие компании выплатят дивиденды в этом квартале?
user,Как выбрать хорошего финансового консультанта?
bot,Расскажи о последних новостях на фондовом рынке.
user,"Новости из Китая, такие как изменения в экономической политике, данные по ВВП или торговые соглашения, могут значительно повлиять на мировую экономику."
user,"Для выбора хорошего финансового консультанта важно учитывать его опыт, репутацию, уровень сертификации и подход к управлению инвестициями."
user,Сегодня на фондовом рынке наблюдается рост индексов S&P 500 и NASDAQ после позитивных экономических отчетов.
user,"Криптовалюта — это цифровая валюта, использующая криптографию для обеспечения безопасности транзакций. Работает на основе блокчейн-технологии."
user,Как изменились ставки по ипотечным кредитам в этом месяце?
bot,Каковы текущие котировки акций компании Apple?
user,"Фондовые индексы могут расти в условиях экономического роста и снижения, и наоборот, падать в условиях экономического спада."
bot,"Прогноз по цене золота на следующий месяц предполагает её рост до $1,950 за унцию."
user,"Для пенсионного плана подойдут диверсифицированные инвестиционные фонды, облигации и высокодоходные акции компаний с долгой историей выплат дивидендов."
user,Какие акции показали наибольший рост в этом месяце?
bot,Ставки по ипотечным кредитам в этом месяце снизились до 4.20%.
user,Каковы текущие котировки акций компании Apple?
user,Каков текущий тренд на рынке недвижимости?
user,Компания Microsoft сообщила о доходах в размере $55.5 млрд и чистой прибыли $18.3 млрд за последний квартал.
bot,Курс евро к доллару изменился с 1.092 до 1.095 за последнюю неделю.
bot,Какие риски связаны с инвестированием в стартапы?
user,"Криптовалюта — это цифровая валюта, использующая криптографию для обеспечения безопасности транзакций. Работает на основе блокчейн-технологии."
bot,Курс евро к доллару изменился с 1.092 до 1.095 за последнюю неделю.
user,"На Нью-Йоркской фондовой бирже торгуются такие акции, как IBM, Pfizer, Bank of America и многие другие."
user,Каков прогноз по цене золота на следующий месяц?
user,Каков прогноз по цене золота на следующий месяц?
bot,Расскажи о последних новостях на фондовом рынке.
bot,Как изменились ставки по ипотечным кредитам в этом месяце?
bot,"Прогноз по цене золота на следующий месяц предполагает её рост до $1,950 за унцию."
bot,Какие акции показали наибольший рост в этом месяце?
user,На этой неделе ожидаются отчеты по безработице и ВВП США.
bot,Какие новости из Китая могут повлиять на мировую экономику?
user,"Для выбора хорошего финансового консультанта важно учитывать его опыт, репутацию, уровень сертификации и подход к управлению инвестициями."
bot,"На изменение валютного курса влияют экономические показатели, политические события, рыночные ожидания и действия центральных банков."
bot,Что такое криптовалюта и как она работает?
bot,"В условиях нестабильной экономики рекомендуется инвестировать в золото, государственные облигации и диверсифицированные инвестиционные фонды."
bot,Текущие котировки акций Apple составляют $173.21.
user,Ставки по ипотечным кредитам в этом месяце снизились до 4.20%.
user,Курс евро к доллару изменился с 1.092 до 1.095 за последнюю неделю.
user,Какой прогноз по цене нефти на следующий квартал?
user,Какие акции торгуются на Нью-Йоркской фондовой бирже?
user,Курс евро к доллару изменился с 1.092 до 1.095 за последнюю неделю.
user,"На Нью-Йоркской фондовой бирже торгуются такие акции, как IBM, Pfizer, Bank of America и многие другие."
bot,Какие факторы влияют на изменение валютного курса?
bot,Компания Microsoft сообщила о доходах в размере $55.5 млрд и чистой прибыли $18.3 млрд за последний квартал.
user,Курс евро к доллару изменился с 1.092 до 1.095 за последнюю неделю.
bot,"Прогноз по цене золота на следующий месяц предполагает её рост до $1,950 за унцию."
user,"На Нью-Йоркской фондовой бирже торгуются такие акции, как IBM, Pfizer, Bank of America и многие другие."
user,Какая доходность облигаций государственного займа США на сегодня?
user,Курс евро к доллару изменился с 1.092 до 1.095 за последнюю неделю.
bot,Расскажи о последних новостях на фондовом рынке.
user,Прогноз по цене нефти на следующий квартал предполагает её снижение до $70 за баррель.
user,Какие компании выплатят дивиденды в этом квартале?
bot,Какие новости из Китая могут повлиять на мировую экономику?
bot,Прогноз по цене нефти на следующий квартал предполагает её снижение до $70 за баррель.
bot,"Для выбора хорошего финансового консультанта важно учитывать его опыт, репутацию, уровень сертификации и подход к управлению инвестициями."
bot,Какие новости из Китая могут повлиять на мировую экономику?
bot,"В условиях нестабильной экономики рекомендуется инвестировать в золото, государственные облигации и диверсифицированные инвестиционные фонды."
user,Ставки по ипотечным кредитам в этом месяце снизились до 4.20%.
bot,Какая доходность облигаций государственного займа США на сегодня?
user,Прогноз по цене нефти на следующий квартал предполагает её снижение до $70 за баррель.
bot,Какие акции показали наибольший рост в этом месяце?
user,Ставки по ипотечным кредитам в этом месяце снизились до 4.20%.
bot,Каков текущий тренд на рынке недвижимости?
user,Курс евро к доллару изменился с 1.092 до 1.095 за последнюю неделю.
bot,"Новости из Китая, такие как изменения в экономической политике, данные по ВВП или торговые соглашения, могут значительно повлиять на мировую экономику."
bot,"На изменение валютного курса влияют экономические показатели, политические события, рыночные ожидания и действия центральных банков."
user,Как выбрать хорошего финансового консультанта?
bot,Каков прогноз по цене золота на следующий месяц?
user,"На изменение валютного курса влияют экономические показатели, политические события, рыночные ожидания и действия центральных банков."
bot,Каков текущий тренд на рынке недвижимости?
user,Расскажи о последних новостях на фондовом рынке.
user,Какие акции показали наибольший рост в этом месяце?
user,"Фондовые индексы могут расти в условиях экономического роста и снижения, и наоборот, падать в условиях экономического спада."
bot,"Риски инвестирования в стартапы включают высокий уровень неопределенности, отсутствие доходов на начальных этапах и потенциальные проблемы с управлением компанией."
bot,Какие новости из Китая могут повлиять на мировую экономику?
bot,Ставки по ипотечным кредитам в этом месяце снизились до 4.20%.
user,Какие акции торгуются на Нью-Йоркской фондовой бирже?
user,Какие акции показали наибольший рост в этом месяце?
bot,Какие новости из Китая могут повлиять на мировую экономику?
user,Текущий тренд на рынке недвижимости показывает рост цен на жилье в крупных городах и замедление темпов роста в пригородах.
bot,"Для пенсионного плана подойдут диверсифицированные инвестиционные фонды, облигации и высокодоходные акции компаний с долгой историей выплат дивидендов."
bot,Каковы текущие котировки акций компании Apple?
bot,Какие новости из Китая могут повлиять на мировую экономику?
user,"Для выбора хорошего финансового консультанта важно учитывать его опыт, репутацию, уровень сертификации и подход к управлению инвестициями."
user,"В условиях нестабильной экономики рекомендуется инвестировать в золото, государственные облигации и диверсифицированные инвестиционные фонды."
user,Какие компании выплатят дивиденды в этом квартале?
bot,Какие акции торгуются на Нью-Йоркской фондовой бирже?
user,"На Нью-Йоркской фондовой бирже торгуются такие акции, как IBM, Pfizer, Bank of America и многие другие."
bot,Какие факторы влияют на изменение валютного курса?
user,Как изменились ставки по ипотечным кредитам в этом месяце?
bot,Курс евро к доллару изменился с 1.092 до 1.095 за последнюю неделю.
bot,Какие компании выплатят дивиденды в этом квартале?
user,"На Нью-Йоркской фондовой бирже торгуются такие акции, как IBM, Pfizer, Bank of America и многие другие."
user,"Риски инвестирования в стартапы включают высокий уровень неопределенности, отсутствие доходов на начальных этапах и потенциальные проблемы с управлением компанией."
user,"Прогноз по цене золота на следующий месяц предполагает её рост до $1,950 за унцию."
bot,Прогноз по цене нефти на следующий квартал предполагает её снижение до $70 за баррель.
bot,Какие акции показали наибольший рост в этом месяце?
bot,Какие риски связаны с инвестированием в стартапы?
bot,Как изменились ставки по ипотечным кредитам в этом месяце?
bot,Какой текущий курс биткойна к доллару США?
bot,Какая доходность облигаций государственного займа США на сегодня?
user,Как изменились ставки по ипотечным кредитам в этом месяце?
bot,Как изменились ставки по ипотечным кредитам в этом месяце?
bot,"Новости из Китая, такие как изменения в экономической политике, данные по ВВП или торговые соглашения, могут значительно повлиять на мировую экономику."
bot,Какой прогноз по цене нефти на следующий квартал?
bot,"Фондовые индексы могут расти в условиях экономического роста и снижения, и наоборот, падать в условиях экономического спада."
user,Как изменились ставки по ипотечным кредитам в этом месяце?
user,"Прогноз по цене золота на следующий месяц предполагает её рост до $1,950 за унцию."
bot,"Для выбора хорошего финансового консультанта важно учитывать его опыт, репутацию, уровень сертификации и подход к управлению инвестициями."
bot,Ставки по ипотечным кредитам в этом месяце снизились до 4.20%.
user,Какие риски связаны с инвестированием в стартапы?
user,Какие новости из Китая могут повлиять на мировую экономику?
user,Каковы текущие котировки акций компании Apple?
user,Какие риски связаны с инвестированием в стартапы?
bot,Как выбрать хорошего финансового консультанта?
user,Какие риски связаны с инвестированием в стартапы?
user,Какие риски связаны с инвестированием в стартапы?
bot,Ставки по ипотечным кредитам в этом месяце снизились до 4.20%.
bot,Как изменились ставки по ипотечным кредитам в этом месяце?
user,Каковы текущие котировки акций компании Apple?
bot,Компания Microsoft сообщила о доходах в размере $55.5 млрд и чистой прибыли $18.3 млрд за последний квартал.
bot,Ставки по ипотечным кредитам в этом месяце снизились до 4.20%.
bot,"Для пенсионного плана подойдут диверсифицированные инвестиционные фонды, облигации и высокодоходные акции компаний с долгой историей выплат дивидендов."
bot,На этой неделе ожидаются отчеты по безработице и ВВП США.
bot,"На изменение валютного курса влияют экономические показатели, политические события, рыночные ожидания и действия центральных банков."
bot,"Для выбора хорошего финансового консультанта важно учитывать его опыт, репутацию, уровень сертификации и подход к управлению инвестициями."
user,Текущие котировки акций Apple составляют $173.21.
bot,Какие акции торгуются на Нью-Йоркской фондовой бирже?
user,"В этом квартале дивиденды выплатят компании Microsoft, Johnson & Johnson и Coca-Cola."
user,Каковы текущие котировки акций компании Apple?
user,"На Нью-Йоркской фондовой бирже торгуются такие акции, как IBM, Pfizer, Bank of America и многие другие."
user,Сегодня на фондовом рынке наблюдается рост индексов S&P 500 и NASDAQ после позитивных экономических отчетов.
bot,Какие новости из Китая могут повлиять на мировую экономику?
bot,"На изменение валютного курса влияют экономические показатели, политические события, рыночные ожидания и действия центральных банков."
bot,"Риски инвестирования в стартапы включают высокий уровень неопределенности, отсутствие доходов на начальных этапах и потенциальные проблемы с управлением компанией."
bot,"Риски инвестирования в стартапы включают высокий уровень неопределенности, отсутствие доходов на начальных этапах и потенциальные проблемы с управлением компанией."
user,Каков прогноз по цене золота на следующий месяц?
bot,"На изменение валютного курса влияют экономические показатели, политические события, рыночные ожидания и действия центральных банков."
user,"В условиях нестабильной экономики рекомендуется инвестировать в золото, государственные облигации и диверсифицированные инвестиционные фонды."
user,"Фондовые индексы могут расти в условиях экономического роста и снижения, и наоборот, падать в условиях экономического спада."
bot,"В этом квартале дивиденды выплатят компании Microsoft, Johnson & Johnson и Coca-Cola."
user,Ставки по ипотечным кредитам в этом месяце снизились до 4.20%.
bot,Ставки по ипотечным кредитам в этом месяце снизились до 4.20%.
bot,Какие риски связаны с инвестированием в стартапы?
bot,"Для выбора хорошего финансового консультанта важно учитывать его опыт, репутацию, уровень сертификации и подход к управлению инвестициями."
user,Какой прогноз по цене нефти на следующий квартал?
bot,Каковы текущие котировки акций компании Apple?
user,"На изменение валютного курса влияют экономические показатели, политические события, рыночные ожидания и действия центральных банков."
user,Текущие котировки акций Apple составляют $173.21.
user,"Для пенсионного плана подойдут диверсифицированные инвестиционные фонды, облигации и высокодоходные акции компаний с долгой историей выплат дивидендов."
bot,Каков текущий тренд на рынке недвижимости?
bot,Какая доходность облигаций государственного займа США на сегодня?
user,"В условиях нестабильной экономики рекомендуется инвестировать в золото, государственные облигации и диверсифицированные инвестиционные фонды."
bot,"На Нью-Йоркской фондовой бирже торгуются такие акции, как IBM, Pfizer, Bank of America и многие другие."
user,Каковы текущие котировки акций компании Apple?
user,"В условиях нестабильной экономики рекомендуется инвестировать в золото, государственные облигации и диверсифицированные инвестиционные фонды."
user,"В условиях нестабильной экономики рекомендуется инвестировать в золото, государственные облигации и диверсифицированные инвестиционные фонды."
bot,"Прогноз по цене золота на следующий месяц предполагает её рост до $1,950 за унцию."
bot,Каков прогноз по цене золота на следующий месяц?
bot,"В условиях нестабильной экономики рекомендуется инвестировать в золото, государственные облигации и диверсифицированные инвестиционные фонды."
bot,"Риски инвестирования в стартапы включают высокий уровень неопределенности, отсутствие доходов на начальных этапах и потенциальные проблемы с управлением компанией."
bot,"Новости из Китая, такие как изменения в экономической политике, данные по ВВП или торговые соглашения, могут значительно повлиять на мировую экономику."
user,"Риски инвестирования в стартапы включают высокий уровень неопределенности, отсутствие доходов на начальных этапах и потенциальные проблемы с управлением компанией."
user,"Прогноз по цене золота на следующий месяц предполагает её рост до $1,950 за унцию."
bot,Как изменились ставки по ипотечным кредитам в этом месяце?
user,Текущие котировки акций Apple составляют $173.21.
user,"Прогноз по цене золота на следующий месяц предполагает её рост до $1,950 за унцию."
bot,Ставки по ипотечным кредитам в этом месяце снизились до 4.20%.
user,Курс евро к доллару изменился с 1.092 до 1.095 за последнюю неделю.
bot,Что такое криптовалюта и как она работает?
user,Прогноз по цене нефти на следующий квартал предполагает её снижение до $70 за баррель.
bot,Как изменились ставки по ипотечным кредитам в этом месяце?
bot,"Фондовые индексы могут расти в условиях экономического роста и снижения, и наоборот, падать в условиях экономического спада."
bot,Какие факторы влияют на изменение валютного курса?
bot,Какие риски связаны с инвестированием в стартапы?
bot,"Для выбора хорошего финансового консультанта важно учитывать его опыт, репутацию, уровень сертификации и подход к управлению инвестициями."
bot,"Фондовые индексы могут расти в условиях экономического роста и снижения, и наоборот, падать в условиях экономического спада."
bot,Прогноз по цене нефти на следующий квартал предполагает её снижение до $70 за баррель.
user,"На изменение валютного курса влияют экономические показатели, политические события, рыночные ожидания и действия центральных банков."
user,Курс евро к доллару изменился с 1.092 до 1.095 за последнюю неделю.
user,"Для выбора хорошего финансового консультанта важно учитывать его опыт, репутацию, уровень сертификации и подход к управлению инвестициями."
bot,Курс евро к доллару изменился с 1.092 до 1.095 за последнюю неделю.
bot,Какой прогноз по цене нефти на следующий квартал?
user,На этой неделе ожидаются отчеты по безработице и ВВП США.
bot,"На изменение валютного курса влияют экономические показатели, политические события, рыночные ожидания и действия центральных банков."
bot,Какие риски связаны с инвестированием в стартапы?
user,Какие акции показали наибольший рост в этом месяце?
user,Как выбрать хорошего финансового консультанта?
bot,"Для выбора хорошего финансового консультанта важно учитывать его опыт, репутацию, уровень сертификации и подход к управлению инвестициями."
bot,На этой неделе ожидаются отчеты по безработице и ВВП США.
user,Как выбрать хорошего финансового консультанта?
user,Каков текущий тренд на рынке недвижимости?
user,"В условиях нестабильной экономики рекомендуется инвестировать в золото, государственные облигации и диверсифицированные инвестиционные фонды."
bot,Компания Microsoft сообщила о доходах в размере $55.5 млрд и чистой прибыли $18.3 млрд за последний квартал.
user,Какие новости из Китая могут повлиять на мировую экономику?
user,Что такое криптовалюта и как она работает?
bot,"Прогноз по цене золота на следующий месяц предполагает её рост до $1,950 за унцию."
bot,Текущий тренд на рынке недвижимости показывает рост цен на жилье в крупных городах и замедление темпов роста в пригородах.
bot,"На Нью-Йоркской фондовой бирже торгуются такие акции, как IBM, Pfizer, Bank of America и многие другие."
bot,"Фондовые индексы могут расти в условиях экономического роста и снижения, и наоборот, падать в условиях экономического спада."
user,Ставки по ипотечным кредитам в этом месяце снизились до 4.20%.
user,Каков текущий тренд на рынке недвижимости?
user,Ставки по ипотечным кредитам в этом месяце снизились до 4.20%.
bot,На этой неделе ожидаются отчеты по безработице и ВВП США.
user,"Риски инвестирования в стартапы включают высокий уровень неопределенности, отсутствие доходов на начальных этапах и потенциальные проблемы с управлением компанией."
bot,"В условиях нестабильной экономики рекомендуется инвестировать в золото, государственные облигации и диверсифицированные инвестиционные фонды."
bot,Курс евро к доллару изменился с 1.092 до 1.095 за последнюю неделю.
bot,"В условиях нестабильной экономики рекомендуется инвестировать в золото, государственные облигации и диверсифицированные инвестиционные фонды."
bot,"Риски инвестирования в стартапы включают высокий уровень неопределенности, отсутствие доходов на начальных этапах и потенциальные проблемы с управлением компанией."
user,"Фондовые индексы могут расти в условиях экономического роста и снижения, и наоборот, падать в условиях экономического спада."
user,"В этом квартале дивиденды выплатят компании Microsoft, Johnson & Johnson и Coca-Cola."
user,"Прогноз по цене золота на следующий месяц предполагает её рост до $1,950 за унцию."
user,Какие компании выплатят дивиденды в этом квартале?
user,Какие акции показали наибольший рост в этом месяце?
user,Ставки по ипотечным кредитам в этом месяце снизились до 4.20%.
bot,Какие акции показали наибольший рост в этом месяце?
bot,На этой неделе ожидаются отчеты по безработице и ВВП США.
bot,Курс евро к доллару изменился с 1.092 до 1.095 за последнюю неделю.
bot,Какие акции торгуются на Нью-Йоркской фондовой бирже?
bot,Какой текущий курс биткойна к доллару США?
user,Курс евро к доллару изменился с 1.092 до 1.095 за последнюю неделю.
user,"Криптовалюта — это цифровая валюта, использующая криптографию для обеспечения безопасности транзакций. Работает на основе блокчейн-технологии."
user,"На Нью-Йоркской фондовой бирже торгуются такие акции, как IBM, Pfizer, Bank of America и многие другие."
user,Курс евро к доллару изменился с 1.092 до 1.095 за последнюю неделю.
bot,Каков текущий тренд на рынке недвижимости?
bot,Какие акции показали наибольший рост в этом месяце?
bot,"Для выбора хорошего финансового консультанта важно учитывать его опыт, репутацию, уровень сертификации и подход к управлению инвестициями."
user,"На Нью-Йоркской фондовой бирже торгуются такие акции, как IBM, Pfizer, Bank of America и многие другие."
user,"На изменение валютного курса влияют экономические показатели, политические события, рыночные ожидания и действия центральных банков."
user,Сегодня на фондовом рынке наблюдается рост индексов S&P 500 и NASDAQ после позитивных экономических отчетов.
bot,Прогноз по цене нефти на следующий квартал предполагает её снижение до $70 за баррель.
user,Прогноз по цене нефти на следующий квартал предполагает её снижение до $70 за баррель.
user,Какой текущий курс биткойна к доллару США?
bot,Какой прогноз по цене нефти на следующий квартал?
bot,Каков текущий тренд на рынке недвижимости?
bot,"В условиях нестабильной экономики рекомендуется инвестировать в золото, государственные облигации и диверсифицированные инвестиционные фонды."
bot,Какой прогноз по цене нефти на следующий квартал?
user,Курс евро к доллару изменился с 1.092 до 1.095 за последнюю неделю.
user,Какие факторы влияют на изменение валютного курса?
bot,"Криптовалюта — это цифровая валюта, использующая криптографию для обеспечения безопасности транзакций. Работает на основе блокчейн-технологии."
user,Прогноз по цене нефти на следующий квартал предполагает её снижение до $70 за баррель.
bot,"Новости из Китая, такие как изменения в экономической политике, данные по ВВП или торговые соглашения, могут значительно повлиять на мировую экономику."
bot,Расскажи о последних новостях на фондовом рынке.
user,Компания Microsoft сообщила о доходах в размере $55.5 млрд и чистой прибыли $18.3 млрд за последний квартал.
user,"На изменение валютного курса влияют экономические показатели, политические события, рыночные ожидания и действия центральных банков."
user,Сегодня на фондовом рынке наблюдается рост индексов S&P 500 и NASDAQ после позитивных экономических отчетов.
user,Какие акции торгуются на Нью-Йоркской фондовой бирже?
user,Ставки по ипотечным кредитам в этом месяце снизились до 4.20%.
user,"В условиях нестабильной экономики рекомендуется инвестировать в золото, государственные облигации и диверсифицированные инвестиционные фонды."
bot,На этой неделе ожидаются отчеты по безработице и ВВП США.
bot,Ставки по ипотечным кредитам в этом месяце снизились до 4.20%.
user,"Фондовые индексы могут расти в условиях экономического роста и снижения, и наоборот, падать в условиях экономического спада."
bot,Как изменились ставки по ипотечным кредитам в этом месяце?
user,Что такое криптовалюта и как она работает?
user,Какой текущий курс биткойна к доллару США?
user,Расскажи о последних новостях на фондовом рынке.
user,Текущие котировки акций Apple составляют $173.21.
user,Какие новости из Китая могут повлиять на мировую экономику?
bot,"В этом квартале дивиденды выплатят компании Microsoft, Johnson & Johnson и Coca-Cola."
user,"В условиях нестабильной экономики рекомендуется инвестировать в золото, государственные облигации и диверсифицированные инвестиционные фонды."
bot,Прогноз по цене нефти на следующий квартал предполагает её снижение до $70 за баррель.
user,"Для пенсионного плана подойдут диверсифицированные инвестиционные фонды, облигации и высокодоходные акции компаний с долгой историей выплат дивидендов."
user,Какие новости из Китая могут повлиять на мировую экономику?
bot,Компания Microsoft сообщила о доходах в размере $55.5 млрд и чистой прибыли $18.3 млрд за последний квартал.
user,"В условиях нестабильной экономики рекомендуется инвестировать в золото, государственные облигации и диверсифицированные инвестиционные фонды."
user,"Фондовые индексы могут расти в условиях экономического роста и снижения, и наоборот, падать в условиях экономического спада."
bot,Какой текущий курс биткойна к доллару США?
user,Каковы текущие котировки акций компании Apple?
user,Сегодня на фондовом рынке наблюдается рост индексов S&P 500 и NASDAQ после позитивных экономических отчетов.
bot,Какие акции показали наибольший рост в этом месяце?
user,Какие компании выплатят дивиденды в этом квартале?
bot,Какой прогноз по цене нефти на следующий квартал?
bot,Какие риски связаны с инвестированием в стартапы?
user,"Для выбора хорошего финансового консультанта важно учитывать его опыт, репутацию, уровень сертификации и подход к управлению инвестициями."
user,"На изменение валютного курса влияют экономические показатели, политические события, рыночные ожидания и действия центральных банков."
user,Как выбрать хорошего финансового консультанта?
bot,На этой неделе ожидаются отчеты по безработице и ВВП США.
user,"Криптовалюта — это цифровая валюта, использующая криптографию для обеспечения безопасности транзакций. Работает на основе блокчейн-технологии."
user,Какая доходность облигаций государственного займа США на сегодня?
user,Каковы текущие котировки акций компании Apple?
user,Текущий тренд на рынке недвижимости показывает рост цен на жилье в крупных городах и замедление темпов роста в пригородах.
bot,Какой текущий курс биткойна к доллару США?
bot,Как выбрать хорошего финансового консультанта?
bot,Как изменились ставки по ипотечным кредитам в этом месяце?
user,Прогноз по цене нефти на следующий квартал предполагает её снижение до $70 за баррель.
bot,Прогноз по цене нефти на следующий квартал предполагает её снижение до $70 за баррель.
user,Текущий тренд на рынке недвижимости показывает рост цен на жилье в крупных городах и замедление темпов роста в пригородах.
user,Каков прогноз по цене золота на следующий месяц?
bot,"На Нью-Йоркской фондовой бирже торгуются такие акции, как IBM, Pfizer, Bank of America и многие другие."
user,Курс евро к доллару изменился с 1.092 до 1.095 за последнюю неделю.
user,Какие риски связаны с инвестированием в стартапы?
bot,"Для пенсионного плана подойдут диверсифицированные инвестиционные фонды, облигации и высокодоходные акции компаний с долгой историей выплат дивидендов."
user,Текущие котировки акций Apple составляют $173.21.
bot,Какая доходность облигаций государственного займа США на сегодня?
user,"Новости из Китая, такие как изменения в экономической политике, данные по ВВП или торговые соглашения, могут значительно повлиять на мировую экономику."
user,Курс евро к доллару изменился с 1.092 до 1.095 за последнюю неделю.
bot,"Для выбора хорошего финансового консультанта важно учитывать его опыт, репутацию, уровень сертификации и подход к управлению инвестициями."
bot,Как изменились ставки по ипотечным кредитам в этом месяце?
bot,Ставки по ипотечным кредитам в этом месяце снизились до 4.20%.
bot,Курс евро к доллару изменился с 1.092 до 1.095 за последнюю неделю.
bot,Что такое криптовалюта и как она работает?
bot,Какие компании выплатят дивиденды в этом квартале?
user,"В этом квартале дивиденды выплатят компании Microsoft, Johnson & Johnson и Coca-Cola."
bot,Какой прогноз по цене нефти на следующий квартал?
user,"Новости из Китая, такие как изменения в экономической политике, данные по ВВП или торговые соглашения, могут значительно повлиять на мировую экономику."
user,"На Нью-Йоркской фондовой бирже торгуются такие акции, как IBM, Pfizer, Bank of America и многие другие."
user,Каковы текущие котировки акций компании Apple?
user,"На Нью-Йоркской фондовой бирже торгуются такие акции, как IBM, Pfizer, Bank of America и многие другие."
bot,Каков текущий тренд на рынке недвижимости?
user,Как изменились ставки по ипотечным кредитам в этом месяце?
bot,Текущий тренд на рынке недвижимости показывает рост цен на жилье в крупных городах и замедление темпов роста в пригородах.
bot,"На изменение валютного курса влияют экономические показатели, политические события, рыночные ожидания и действия центральных банков."
bot,Какой прогноз по цене нефти на следующий квартал?
bot,Курс евро к доллару изменился с 1.092 до 1.095 за последнюю неделю.
user,Текущий тренд на рынке недвижимости показывает рост цен на жилье в крупных городах и замедление темпов роста в пригородах.
bot,Каков прогноз по цене золота на следующий месяц?
bot,Какие новости из Китая могут повлиять на мировую экономику?
user,Каков прогноз по цене золота на следующий месяц?
bot,Компания Microsoft сообщила о доходах в размере $55.5 млрд и чистой прибыли $18.3 млрд за последний квартал.
user,На этой неделе ожидаются отчеты по безработице и ВВП США.
bot,"Для пенсионного плана подойдут диверсифицированные инвестиционные фонды, облигации и высокодоходные акции компаний с долгой историей выплат дивидендов."
user,Каков текущий тренд на рынке недвижимости?
bot,На этой неделе ожидаются отчеты по безработице и ВВП США.
bot,Какой прогноз по цене нефти на следующий квартал?
user,Прогноз по цене нефти на следующий квартал предполагает её снижение до $70 за баррель.
bot,"На Нью-Йоркской фондовой бирже торгуются такие акции, как IBM, Pfizer, Bank of America и многие другие."
bot,Сегодня на фондовом рынке наблюдается рост индексов S&P 500 и NASDAQ после позитивных экономических отчетов.
user,Что такое криптовалюта и как она работает?
bot,Каковы текущие котировки акций компании Apple?
user,Как выбрать хорошего финансового консультанта?
bot,Расскажи о последних новостях на фондовом рынке.
bot,Компания Microsoft сообщила о доходах в размере $55.5 млрд и чистой прибыли $18.3 млрд за последний квартал.
user,Каков текущий тренд на рынке недвижимости?
bot,"В этом квартале дивиденды выплатят компании Microsoft, Johnson & Johnson и Coca-Cola."
bot,Как изменились ставки по ипотечным кредитам в этом месяце?
bot,Текущий тренд на рынке недвижимости показывает рост цен на жилье в крупных городах и замедление темпов роста в пригородах.
bot,Каков текущий тренд на рынке недвижимости?
bot,"Криптовалюта — это цифровая валюта, использующая криптографию для обеспечения безопасности транзакций. Работает на основе блокчейн-технологии."
bot,Какой прогноз по цене нефти на следующий квартал?
user,Какие риски связаны с инвестированием в стартапы?
bot,Какой текущий курс биткойна к доллару США?
bot,"Риски инвестирования в стартапы включают высокий уровень неопределенности, отсутствие доходов на начальных этапах и потенциальные проблемы с управлением компанией."
bot,Какой текущий курс биткойна к доллару США?
bot,Какие акции показали наибольший рост в этом месяце?
bot,"На Нью-Йоркской фондовой бирже торгуются такие акции, как IBM, Pfizer, Bank of America и многие другие."
bot,Компания Microsoft сообщила о доходах в размере $55.5 млрд и чистой прибыли $18.3 млрд за последний квартал.
bot,Каковы текущие котировки акций компании Apple?
user,"В условиях нестабильной экономики рекомендуется инвестировать в золото, государственные облигации и диверсифицированные инвестиционные фонды."
user,"Фондовые индексы могут расти в условиях экономического роста и снижения, и наоборот, падать в условиях экономического спада."
user,"Фондовые индексы могут расти в условиях экономического роста и снижения, и наоборот, падать в условиях экономического спада."
bot,Какие новости из Китая могут повлиять на мировую экономику?
bot,"На изменение валютного курса влияют экономические показатели, политические события, рыночные ожидания и действия центральных банков."
user,"Фондовые индексы могут расти в условиях экономического роста и снижения, и наоборот, падать в условиях экономического спада."
bot,"Прогноз по цене золота на следующий месяц предполагает её рост до $1,950 за унцию."
user,Курс евро к доллару изменился с 1.092 до 1.095 за последнюю неделю.
bot,Какие компании выплатят дивиденды в этом квартале?
bot,Какие факторы влияют на изменение валютного курса?
bot,Сегодня на фондовом рынке наблюдается рост индексов S&P 500 и NASDAQ после позитивных экономических отчетов.
bot,Что такое криптовалюта и как она работает?
bot,"Новости из Китая, такие как изменения в экономической политике, данные по ВВП или торговые соглашения, могут значительно повлиять на мировую экономику."
user,"Прогноз по цене золота на следующий месяц предполагает её рост до $1,950 за унцию."
bot,"Прогноз по цене золота на следующий месяц предполагает её рост до $1,950 за унцию."
user,Какие новости из Китая могут повлиять на мировую экономику?
bot,Какой прогноз по цене нефти на следующий квартал?
bot,Какие акции показали наибольший рост в этом месяце?
bot,Курс евро к доллару изменился с 1.092 до 1.095 за последнюю неделю.
user,"Для пенсионного плана подойдут диверсифицированные инвестиционные фонды, облигации и высокодоходные акции компаний с долгой историей выплат дивидендов."
user,Какие риски связаны с инвестированием в стартапы?
bot,Как выбрать хорошего финансового консультанта?
user,Каковы текущие котировки акций компании Apple?
bot,Курс евро к доллару изменился с 1.092 до 1.095 за последнюю неделю.
user,"Прогноз по цене золота на следующий месяц предполагает её рост до $1,950 за унцию."
bot,Какие риски связаны с инвестированием в стартапы?
user,Прогноз по цене нефти на следующий квартал предполагает её снижение до $70 за баррель.
user,На этой неделе ожидаются отчеты по безработице и ВВП США.
bot,Каков прогноз по цене золота на следующий месяц?
user,"Риски инвестирования в стартапы включают высокий уровень неопределенности, отсутствие доходов на начальных этапах и потенциальные проблемы с управлением компанией."
user,"На Нью-Йоркской фондовой бирже торгуются такие акции, как IBM, Pfizer, Bank of America и многие другие."
user,Ставки по ипотечным кредитам в этом месяце снизились до 4.20%.
bot,Текущие котировки акций Apple составляют $173.21.
user,Ставки по ипотечным кредитам в этом месяце снизились до 4.20%.
user,Какие новости из Китая могут повлиять на мировую экономику?
user,"Для выбора хорошего финансового консультанта важно учитывать его опыт, репутацию, уровень сертификации и подход к управлению инвестициями."
user,Расскажи о последних новостях на фондовом рынке.
user,Сегодня на фондовом рынке наблюдается рост индексов S&P 500 и NASDAQ после позитивных экономических отчетов.
bot,"Фондовые индексы могут расти в условиях экономического роста и снижения, и наоборот, падать в условиях экономического спада."
bot,Компания Microsoft сообщила о доходах в размере $55.5 млрд и чистой прибыли $18.3 млрд за последний квартал.
bot,Какие акции торгуются на Нью-Йоркской фондовой бирже?
bot,"В условиях нестабильной экономики рекомендуется инвестировать в золото, государственные облигации и диверсифицированные инвестиционные фонды."
user,Какие компании выплатят дивиденды в этом квартале?
bot,"Для выбора хорошего финансового консультанта важно учитывать его опыт, репутацию, уровень сертификации и подход к управлению инвестициями."
bot,Что такое криптовалюта и как она работает?
bot,Как выбрать хорошего финансового консультанта?
bot,Какие компании выплатят дивиденды в этом квартале?
bot,Какой прогноз по цене нефти на следующий квартал?
user,Ставки по ипотечным кредитам в этом месяце снизились до 4.20%.
bot,Каков текущий тренд на рынке недвижимости?
bot,Каков прогноз по цене золота на следующий месяц?
bot,Как выбрать хорошего финансового консультанта?
user,Каковы текущие котировки акций компании Apple?
bot,На этой неделе ожидаются отчеты по безработице и ВВП США.
bot,Какие риски связаны с инвестированием в стартапы?
bot,Какой текущий курс биткойна к доллару США?
bot,Какие акции показали наибольший рост в этом месяце?
bot,"На Нью-Йоркской фондовой бирже торгуются такие акции, как IBM, Pfizer, Bank of America и многие другие."
bot,"Риски инвестирования в стартапы включают высокий уровень неопределенности, отсутствие доходов на начальных этапах и потенциальные проблемы с управлением компанией."
user,"Новости из Китая, такие как изменения в экономической политике, данные по ВВП или торговые соглашения, могут значительно повлиять на мировую экономику."
user,Текущий тренд на рынке недвижимости показывает рост цен на жилье в крупных городах и замедление темпов роста в пригородах.
user,Курс евро к доллару изменился с 1.092 до 1.095 за последнюю неделю.
user,На этой неделе ожидаются отчеты по безработице и ВВП США.
bot,Ставки по ипотечным кредитам в этом месяце снизились до 4.20%.
bot,"Криптовалюта — это цифровая валюта, использующая криптографию для обеспечения безопасности транзакций. Работает на основе блокчейн-технологии."
